ya,n
rt,er
g,er
go,nian
t,ian
in,er
ul,ite
ea,n
al,i
m,ese
ton,ian
t,i
al,ese
urg,er
d,er
rra,n
am,mer
and,er
er,ite
via,n
ta,n
eru,vian
ay,an
ica,n
h,i
en,er
ka,n
dam,mer
an,i
na,n
u,an
da,n
lia,n
r,ite
l,ian
n,ese
l,i
nia,n
ia,n
n,ite
n,er
n,ian
am,ese
rca,n
ad,ian
la,n
lin,er
ga,n
tan,i
nd,er
tia,n
d,ian
ma,n
in,ite
ria,n
on,ese
r,ian
e,r
nda,n
e,an
ska,n
igo,nian
a,n
m,mer
sia,n
uay,an
wa,n
d,i
ti,an
n,i
o,an
y,an
on,er
i,te
u,vian
i,an
re,an
ca,n
r,i
ru,vian
ad,i
ar,i
an,ian
ore,an
t,er
s,ian
bia,n
o,nian
ver,ite
Peru,vian
iti,an
on,ian
l,ite
ba,n
rg,er
an,ese
l,ese
hia,n
ra,n
va,n
